{
  "Component-dbg.js": 1690982237626,
  "manifest.json": 1690982345659,
  "model/models.js": 1690982237626,
  "controller/Main.controller.js": 1690982237626,
  "controller/App.controller.js": 1690982237626,
  "Component.js": 1690982237626,
  "Component-preload.js": 1690982345938,
  "controller/App-dbg.controller.js": 1690982237626,
  "controller/Main-dbg.controller.js": 1690982237626,
  "model/models-dbg.js": 1690982237626,
  "i18n/i18n.properties": 1690982237626,
  "view/Main.view.xml": 1690982237626,
  "view/App.view.xml": 1690982237626,
  "css/style.css": 1690982237626,
  "index.html": 1690982237626
}