{
  "i18n/i18n.properties": 1695966941394,
  "model/models.js": 1695966941394,
  "manifest.json": 1695967482574,
  "controller/Main.controller.js": 1695966941394,
  "controller/App.controller.js": 1695966941394,
  "Component.js": 1695966941394,
  "Component-preload.js": 1695967482766,
  "model/models-dbg.js": 1695966941394,
  "controller/Main-dbg.controller.js": 1695966941394,
  "controller/App-dbg.controller.js": 1695966941394,
  "Component-dbg.js": 1695966941394,
  "view/Main.view.xml": 1695966941394,
  "view/App.view.xml": 1695966941394,
  "css/style.css": 1695966941394,
  "index.html": 1695966941394
}